sep=;
Device ID;LBR-0013797;;
Series No;0015
Shot No;0017

Time (s);Vel (fps);Dist (m);SNR
0.000000;735.03;0.00;-
0.027021;702.16;5.79;32.47
0.029021;699.73;6.21;26.87
0.051021;714.61;10.96;9.91
0.071021;715.95;15.32;9.79
0.073021;708.36;15.75;10.64
0.097021;712.38;20.95;10.88
0.099021;706.89;21.38;7.86
0.101021;702.02;21.81;7.17
0.103021;692.87;22.23;10.42
