sep=;
Device ID;LBR-0013797;;
Series No;0009
Shot No;0004

Time (s);Vel (fps);Dist (m);SNR
0.000000;704.41;0.00;-
0.023021;696.07;4.89;7.62
0.039021;690.28;8.27;7.00
0.047021;695.49;9.96;7.21
0.049021;696.51;10.38;12.62
0.063021;690.47;13.34;7.91
0.085021;687.24;17.96;8.17
0.097021;695.41;20.49;13.48
0.101021;686.48;21.33;9.76
0.109021;696.97;23.02;7.50
0.123021;688.00;25.97;7.30
0.127021;703.41;26.82;7.89
0.129021;719.60;27.26;7.87
0.133021;707.23;28.13;8.80
0.135021;701.13;28.56;7.99
