sep=;
Device ID;LBR-0013797;;
Series No;0009
Shot No;0008

Time (s);Vel (fps);Dist (m);SNR
0.000000;694.92;0.00;-
0.027021;697.53;5.73;37.63
0.029021;696.96;6.16;35.42
0.031021;696.34;6.58;27.61
0.035021;703.08;7.44;8.20
0.037021;708.11;7.87;7.87
0.051021;699.24;10.87;10.29
0.073021;696.16;15.55;7.87
0.077021;689.73;16.39;8.00
0.085021;683.52;18.07;11.13
