sep=;
Device ID;LBR-0013797;;
Series No;0035
Shot No;0001

Time (s);Vel (fps);Dist (m);SNR
0.000000;2182.46;0.00;-
0.007021;2177.80;4.66;8.07
0.012021;2181.59;7.99;7.55
0.026021;2172.96;17.28;8.43
0.041021;2162.64;27.19;10.29
0.047021;2168.56;31.15;9.31
0.050021;2160.99;33.13;8.19
0.055021;2172.80;36.43;7.58
0.057021;2180.61;37.76;7.77
0.063021;2177.94;41.74;9.71
0.070021;2193.35;46.41;8.62
0.073021;2204.76;48.42;9.00
0.085021;2207.74;56.49;10.23
