sep=;
Device ID;LBR-0013797;;
Series No;0010
Shot No;0004

Time (s);Vel (fps);Dist (m);SNR
0.000000;723.18;0.00;-
0.031021;638.84;6.07;36.89
0.033021;639.17;6.45;28.40
0.035021;628.20;6.84;16.58
