sep=;
Device ID;LBR-0013797;;
Series No;0010
Shot No;0001

Time (s);Vel (fps);Dist (m);SNR
0.000000;620.58;0.00;-
0.031021;613.58;5.78;37.02
0.033021;613.34;6.15;34.23
0.035021;612.68;6.53;30.00
