sep=;
Device ID;LBR-0013797;;
Series No;0010
Shot No;0005

Time (s);Vel (fps);Dist (m);SNR
0.000000;698.90;0.00;-
0.031021;636.58;6.03;41.15
0.033021;636.13;6.42;32.74
0.035021;628.70;6.81;23.56
